company,country,domain
Cogibox,France,psu.edu
Bubblebox,Georgia,weibo.com
Zoozzy,China,digg.com
Kaymbo,Ukraine,latimes.com
Quimba,South Africa,google.ru
Feednation,Italy,privacy.gov.au
Wordtune,Indonesia,friendfeed.com
Miboo,Nigeria,weather.com
Tagchat,Canada,gov.uk
Vimbo,South Africa,hp.com
Miboo,United States,ning.com
Innojam,France,shareasale.com
Yodel,France,dmoz.org
Meevee,China,skype.com
Divavu,Poland,prlog.org
Meevee,Indonesia,google.de
Avavee,Micronesia,time.com
Wordware,Poland,cnet.com
Tavu,Poland,example.com
Zoovu,Italy,reverbnation.com
Dabvine,Russia,sciencedaily.com
Cogidoo,France,dailymotion.com
Jazzy,Poland,home.pl
Aimbo,Indonesia,illinois.edu
Kwinu,Palestinian Territory,amazon.com
Eazzy,China,netscape.com
Gigaclub,Morocco,joomla.org
Babbleopia,Finland,skyrock.com
Layo,Portugal,facebook.com
Thoughtbridge,Indonesia,feedburner.com
Zoombox,Indonesia,php.net
Zoonoodle,Philippines,163.com
Zoombox,Indonesia,oaic.gov.au
Demizz,Moldova,ucoz.com
Meemm,Panama,seesaa.net
Yamia,Russia,marriott.com
Kayveo,Canada,loc.gov
Edgetag,Philippines,unblog.fr
Pixope,China,ifeng.com
Trudeo,Japan,opensource.org
Yoveo,Sweden,scientificamerican.com
Jamia,Malaysia,cyberchimps.com
Tagopia,Costa Rica,independent.co.uk
Linkbuzz,Ivory Coast,yandex.ru
Brainlounge,France,yahoo.co.jp
Jaxbean,Thailand,nifty.com
Devify,China,bigcartel.com
Gabtype,Greece,histats.com
Pixope,China,deliciousdays.com
Ntag,Nigeria,wufoo.com
DabZ,Philippines,hugedomains.com
Feedspan,Poland,joomla.org
Yotz,China,fastcompany.com
Jabbersphere,China,nba.com
Dabfeed,China,archive.org
Tavu,Guatemala,livejournal.com
Skinix,Peru,engadget.com
Dynava,Russia,nasa.gov
Browsebug,Japan,wiley.com
Dabtype,Pakistan,fda.gov
Kanoodle,France,delicious.com
Quinu,Russia,psu.edu
Fatz,China,goo.ne.jp
Riffwire,Indonesia,t.co
Yambee,Japan,dailymail.co.uk
Zooxo,Belarus,domainmarket.com
Edgeify,Brazil,salon.com
Brainsphere,Philippines,barnesandnoble.com
Fliptune,Thailand,irs.gov
Skimia,Brazil,prlog.org
Zoovu,China,people.com.cn
Devpulse,Indonesia,google.com
Tavu,France,hugedomains.com
Devshare,Czech Republic,storify.com
Realfire,France,icq.com
Zoomzone,New Zealand,wix.com
Tagpad,Philippines,a8.net
Roodel,New Caledonia,bigcartel.com
Yamia,Kenya,typepad.com
Zoomzone,Peru,mit.edu
Meezzy,Indonesia,miibeian.gov.cn
Fivespan,Indonesia,taobao.com
Podcat,Poland,fastcompany.com
Skyble,Russia,51.la
Myworks,Portugal,constantcontact.com
Livetube,Russia,desdev.cn
Photolist,Iran,g.co
Ntag,Portugal,behance.net
Dabjam,Philippines,imageshack.us
Feedmix,Brazil,usatoday.com
Topiczoom,Afghanistan,mysql.com
Jayo,Russia,blog.com
Dabtype,Indonesia,blogs.com
Browsetype,Slovenia,apple.com
Trudeo,Russia,wired.com
Avavee,Pakistan,newsvine.com
Twiyo,Poland,rediff.com
Roomm,United States,cnbc.com
Livepath,Croatia,yale.edu
Meembee,Czech Republic,stanford.edu
Jazzy,France,people.com.cn
Fivebridge,United States,microsoft.com
Fivespan,Serbia,lycos.com
Yadel,Serbia,yolasite.com
Yata,Netherlands,linkedin.com
Edgeblab,Brazil,bluehost.com
Yodel,Japan,slashdot.org
Yacero,Poland,ehow.com
Skaboo,Iran,w3.org
Yodo,Philippines,disqus.com
Midel,Greece,goo.gl
Kanoodle,Brazil,mail.ru
Muxo,Indonesia,furl.net
Gabcube,Pakistan,shinystat.com
Wikivu,Portugal,stumbleupon.com
Feedfire,China,mail.ru
Janyx,Sweden,ftc.gov
Zoomlounge,China,gnu.org
Mybuzz,Democratic Republic of the Congo,feedburner.com
Agivu,Yemen,is.gd
Livepath,Indonesia,bigcartel.com
Skinder,China,salon.com
Skibox,China,twitpic.com
Oyonder,Argentina,altervista.org
Skajo,Mexico,google.it
Omba,China,odnoklassniki.ru
Blogtag,China,blogtalkradio.com
Dynazzy,Indonesia,chronoengine.com
Livepath,Argentina,hugedomains.com
Avamba,Portugal,cnet.com
Jetpulse,Brazil,multiply.com
Jetpulse,Namibia,psu.edu
Devpoint,Russia,devhub.com
Aimbo,Brazil,apple.com
Quimba,Belarus,yellowbook.com
Dazzlesphere,China,cam.ac.uk
Mita,China,symantec.com
Buzzster,China,ftc.gov
Linklinks,Venezuela,jigsy.com
Divape,China,comcast.net
Realpoint,Portugal,lycos.com
Zoonoodle,Argentina,i2i.jp
Thoughtworks,Sweden,flickr.com
Fatz,Indonesia,quantcast.com
Kwilith,Dominican Republic,vkontakte.ru
Babbleset,Kenya,bbb.org
Lazz,Haiti,odnoklassniki.ru
Miboo,Russia,who.int
Linkbridge,Cuba,cbc.ca
Livepath,Philippines,nifty.com
Gabtype,Slovenia,fda.gov
Brightdog,Israel,zdnet.com
Innojam,China,storify.com
Rhynyx,Thailand,ucoz.ru
Digitube,France,discovery.com
Ainyx,Canada,alexa.com
Riffwire,China,usda.gov
Thoughtworks,China,wufoo.com
Tagchat,Japan,flickr.com
Realbuzz,Brazil,si.edu
Jaxnation,Indonesia,squarespace.com
BlogXS,Indonesia,chronoengine.com
Rhycero,Indonesia,theglobeandmail.com
Dabfeed,China,wired.com
Devbug,Indonesia,hc360.com
Meejo,Indonesia,intel.com
Dynabox,Mongolia,freewebs.com
Dynabox,Brazil,sun.com
Feedfire,Nicaragua,ustream.tv
Gabcube,El Salvador,vk.com
Yakijo,Portugal,mit.edu
Thoughtbridge,Indonesia,technorati.com
Edgeify,Ukraine,fastcompany.com
Leexo,China,amazon.com
Realblab,Greece,weather.com
Linklinks,China,jimdo.com
Realblab,Israel,fda.gov
Avaveo,China,cbsnews.com
Skippad,Pakistan,nymag.com
Quimm,Philippines,digg.com
Wikivu,Botswana,narod.ru
Trupe,Colombia,nyu.edu
Zoomlounge,Sweden,godaddy.com
Skinte,Indonesia,indiatimes.com
Edgewire,Philippines,huffingtonpost.com
Eamia,Georgia,addtoany.com
Skyba,China,thetimes.co.uk
Oloo,China,cbc.ca
Trilith,Canada,qq.com
Twiyo,France,digg.com
Eazzy,Portugal,wordpress.org
Tambee,Russia,mtv.com
Yodoo,Czech Republic,utexas.edu
Voolia,United States,umich.edu
Yozio,Indonesia,theguardian.com
Oyope,New Zealand,wsj.com
Bluejam,China,epa.gov
Brainsphere,France,ibm.com
Gabtune,Philippines,eepurl.com
Eadel,Brazil,ehow.com
Browsezoom,Ukraine,naver.com
Brightdog,Czech Republic,miibeian.gov.cn
Eidel,Poland,technorati.com
Photobean,Indonesia,gizmodo.com
Vitz,Russia,yellowbook.com
Eare,China,redcross.org
Kamba,Poland,privacy.gov.au
Dabvine,Sweden,symantec.com
Shufflebeat,Indonesia,washingtonpost.com
Rhycero,United Arab Emirates,wikimedia.org
Wikizz,China,altervista.org
Flashspan,Norway,exblog.jp
Skiptube,Russia,guardian.co.uk
Brightbean,Portugal,paypal.com
Bubbletube,China,washington.edu
Plambee,China,ca.gov
Voonder,Canada,barnesandnoble.com
Fliptune,Papua New Guinea,usatoday.com
Avaveo,Portugal,mlb.com
Jabberbean,United States,goo.ne.jp
Skyba,Poland,youtu.be
Fliptune,Albania,bloglines.com
Fatz,China,elpais.com
Shuffletag,Belarus,reverbnation.com
Twinder,China,harvard.edu
Blogtags,Greece,fastcompany.com
Meemm,Brazil,netlog.com
Yombu,China,edublogs.org
Photospace,China,ameblo.jp
Divape,Indonesia,nature.com
Fanoodle,Senegal,php.net
Plambee,Albania,ehow.com
Tanoodle,Portugal,unicef.org
Topicblab,China,wikimedia.org
Camimbo,Norway,sogou.com
Jetpulse,Indonesia,myspace.com
Kwilith,Serbia,paginegialle.it
Buzzbean,Philippines,sohu.com
Skiptube,Poland,flickr.com
Zava,Czech Republic,jigsy.com
InnoZ,Argentina,edublogs.org
Quatz,Tanzania,goo.gl
Twinte,China,rakuten.co.jp
Livefish,Paraguay,shop-pro.jp
Ailane,China,cloudflare.com
Skalith,Indonesia,tiny.cc
Yoveo,Indonesia,ow.ly
Shufflester,Sweden,sun.com
Chatterbridge,Afghanistan,google.pl
Fivechat,Philippines,comsenz.com
Linklinks,Indonesia,hatena.ne.jp
Kamba,Macedonia,jimdo.com
Katz,Brazil,yahoo.co.jp
Zoonoodle,Portugal,vkontakte.ru
Skiba,China,irs.gov
Voonte,China,bbb.org
Myworks,Sweden,google.co.jp
Dynazzy,Poland,nytimes.com
Layo,Russia,tmall.com
Youspan,United States,senate.gov
Dabjam,Philippines,berkeley.edu
Izio,Mongolia,businessweek.com
Feedbug,Philippines,twitpic.com
Flipbug,South Korea,de.vu
Rhybox,Bulgaria,123-reg.co.uk
Jamia,Portugal,sphinn.com
Meetz,Panama,hao123.com
Blognation,Bulgaria,vimeo.com
Feedfire,Yemen,geocities.com
Skidoo,Afghanistan,yale.edu
Yakijo,Poland,examiner.com
Nlounge,Russia,surveymonkey.com
Quimm,Aruba,lulu.com
Oyope,Portugal,livejournal.com
Youbridge,United States,archive.org
Teklist,Ukraine,technorati.com
Edgeclub,Tunisia,reuters.com
Aimbu,Philippines,nasa.gov
Skyndu,United States,amazonaws.com
Youfeed,Brazil,wikimedia.org
Twitterbridge,Ethiopia,jimdo.com
Twitterlist,Syria,theguardian.com
Youopia,Honduras,nps.gov
Lajo,Indonesia,histats.com
Brainsphere,China,people.com.cn
Eidel,China,about.me
Fivespan,Portugal,nsw.gov.au
Plajo,Brazil,live.com
Zoomcast,China,rediff.com
Shuffledrive,Afghanistan,arstechnica.com
Tagtune,Peru,trellian.com
Thoughtstorm,China,ucoz.ru
Eare,Mexico,newsvine.com
Shufflebeat,China,pinterest.com
Trupe,Indonesia,icio.us
Buzzdog,Peru,4shared.com
Katz,Russia,rakuten.co.jp
Dynabox,Kazakhstan,posterous.com
Eabox,Indonesia,pen.io
Aivee,China,privacy.gov.au
Devify,China,cisco.com
Babbleblab,Panama,vk.com
Skimia,France,homestead.com
Oba,China,prlog.org
Yodel,Indonesia,ucsd.edu
Meedoo,China,aol.com
Gigabox,Serbia,imgur.com
Vidoo,China,topsy.com
Jayo,Panama,typepad.com
Meevee,Spain,bizjournals.com
Thoughtstorm,Brazil,cbsnews.com
Chatterbridge,Brazil,nasa.gov
Vinder,Indonesia,utexas.edu
Browsecat,Philippines,yale.edu
Kwinu,Indonesia,nytimes.com
Tagtune,Croatia,independent.co.uk
Flipbug,Bosnia and Herzegovina,bigcartel.com
Livepath,Rwanda,123-reg.co.uk
Yozio,Mexico,deviantart.com
Kazu,Philippines,meetup.com
Tagfeed,China,wix.com
Feedspan,Honduras,guardian.co.uk
Voonyx,Philippines,psu.edu
Voonix,Mexico,webeden.co.uk
Meedoo,Netherlands,sbwire.com
Devpoint,United States,weebly.com
Jabberstorm,Canada,spiegel.de
Topicstorm,Venezuela,phpbb.com
Meevee,Poland,icq.com
Buzzbean,China,networkadvertising.org
Aimbo,Sweden,uol.com.br
Topicblab,Portugal,desdev.cn
Kanoodle,China,nps.gov
Photobug,Brazil,live.com
Brainlounge,China,wikia.com
Teklist,Indonesia,devhub.com
Mynte,Indonesia,soup.io
Realfire,China,archive.org
Dynabox,Indonesia,washingtonpost.com
Brightdog,Canada,seesaa.net
Topdrive,Greece,webs.com
Twitternation,Azerbaijan,wufoo.com
Eire,Indonesia,twitter.com
Katz,Russia,booking.com
Skippad,Sweden,prweb.com
Babblestorm,Indonesia,istockphoto.com
Aimbu,Brazil,amazon.de
Blogpad,Sweden,twitter.com
Fivechat,Kazakhstan,pen.io
Twitterworks,Portugal,theguardian.com
Eadel,China,msu.edu
Gigazoom,Macedonia,nature.com
Gabtype,Indonesia,qq.com
Zooxo,Sri Lanka,elegantthemes.com
Avaveo,Mauritius,sakura.ne.jp
Vimbo,Indonesia,smugmug.com
Viva,China,hp.com
Jaxnation,Sri Lanka,reddit.com
Voonyx,France,hud.gov
Oodoo,Japan,ezinearticles.com
Dynabox,Argentina,plala.or.jp
Snaptags,China,engadget.com
Meembee,France,sourceforge.net
Gigabox,Indonesia,infoseek.co.jp
Abatz,Canada,va.gov
Avamm,Indonesia,msn.com
Kazu,France,last.fm
Digitube,China,people.com.cn
Plajo,China,wordpress.org
Bluezoom,Indonesia,noaa.gov
Voonyx,Russia,nih.gov
Wikivu,Peru,diigo.com
Thoughtbeat,France,google.it
Tazzy,China,vkontakte.ru
Talane,Indonesia,cbslocal.com
Zoomlounge,North Korea,google.co.jp
Wordpedia,Portugal,state.tx.us
Eadel,Philippines,tinyurl.com
Shufflester,Ukraine,cdbaby.com
Youspan,South Sudan,theatlantic.com
Mydeo,Argentina,go.com
Trudeo,Sweden,home.pl
Yabox,France,hhs.gov
Jayo,China,telegraph.co.uk
Ntag,Brazil,cnbc.com
Yodoo,Finland,drupal.org
Avaveo,China,china.com.cn
Bubbletube,Indonesia,geocities.jp
Wikivu,Qatar,sciencedirect.com
Abatz,Somalia,dailymail.co.uk
Yambee,China,ft.com
Aibox,China,oaic.gov.au
Thoughtworks,Japan,answers.com
Rhynoodle,Vietnam,freewebs.com
Eazzy,China,irs.gov
Divavu,Russia,wordpress.org
Oodoo,Venezuela,myspace.com
Dabtype,Sweden,com.com
Eabox,Portugal,epa.gov
Livetube,Portugal,geocities.jp
Feedfire,Indonesia,latimes.com
Eamia,Indonesia,biblegateway.com
Flipopia,Indonesia,state.gov
Eidel,Peru,army.mil
Lajo,Indonesia,upenn.edu
Linkbridge,Kenya,wunderground.com
Mudo,China,washingtonpost.com
Dabvine,Ukraine,cnet.com
Twitterwire,Zimbabwe,economist.com
Photospace,Albania,nhs.uk
Babbleblab,Czech Republic,wufoo.com
Feedfish,Brazil,marketwatch.com
Gabvine,Germany,miitbeian.gov.cn
Browsedrive,France,pen.io
Linklinks,Poland,google.co.uk
Podcat,China,stumbleupon.com
Quimm,Portugal,so-net.ne.jp
Twiyo,China,tiny.cc
Browsetype,China,time.com
Divape,Sweden,google.com.br
Skalith,China,blogspot.com
Kayveo,Brazil,friendfeed.com
Yamia,Malaysia,constantcontact.com
Agivu,Indonesia,macromedia.com
Blogpad,China,alexa.com
Geba,Portugal,apple.com
Yotz,China,last.fm
Devshare,Kazakhstan,foxnews.com
Mudo,China,vimeo.com
Zoombox,Indonesia,mtv.com
Meetz,Mexico,51.la
Zoovu,Indonesia,opensource.org
Eabox,Venezuela,feedburner.com
Voonix,Egypt,intel.com
Gabtune,Egypt,berkeley.edu
Kwinu,Albania,webeden.co.uk
Mydo,Greece,cnet.com
Jaxworks,Malaysia,cam.ac.uk
Kwideo,Indonesia,tinypic.com
Voolith,Bulgaria,mail.ru
Kamba,China,ehow.com
Babbleopia,China,ustream.tv
Mydeo,Ukraine,buzzfeed.com
Quimba,Russia,stumbleupon.com
Voomm,Iran,google.co.jp
Browsetype,Serbia,blogtalkradio.com
Thoughtblab,Russia,google.co.jp
Voonte,Sweden,weather.com
Jaxworks,China,google.pl
Skilith,Poland,mashable.com
Jayo,United States,tumblr.com
Jaxbean,Greece,disqus.com
BlogXS,Finland,gnu.org
Mydo,Philippines,sciencedirect.com
Browsetype,Peru,comcast.net
Snaptags,Venezuela,house.gov
Oyondu,China,walmart.com
Fivebridge,China,ebay.co.uk
Geba,Indonesia,jalbum.net
Talane,Indonesia,guardian.co.uk
Jabbertype,China,weibo.com
Agivu,Afghanistan,cmu.edu
Bluejam,Indonesia,mashable.com
Avamm,China,forbes.com
Jaxspan,Tonga,blog.com
Skippad,China,uol.com.br
Pixope,Russia,dyndns.org
Wikizz,Colombia,prlog.org
Einti,United States,reddit.com
Blogtag,China,wunderground.com
Dynabox,Morocco,umn.edu
Wikizz,Peru,i2i.jp
Feedspan,Bangladesh,shinystat.com
Oyope,Indonesia,washingtonpost.com
Kazio,France,google.it
Demimbu,Honduras,gov.uk
Meevee,Canada,dailymail.co.uk
Photobean,Cambodia,alexa.com
Mynte,Bulgaria,fastcompany.com
Mybuzz,Kenya,google.fr
Bubblemix,China,hibu.com
Skajo,Bolivia,senate.gov
Jaxbean,Indonesia,cargocollective.com
Oyope,China,cnn.com
Quatz,Philippines,bluehost.com
Tagtune,Dominican Republic,sitemeter.com
Buzzdog,Philippines,barnesandnoble.com
Gabcube,Poland,studiopress.com
Twitterbridge,Belarus,utexas.edu
Eabox,Indonesia,toplist.cz
Linkbuzz,Bulgaria,elegantthemes.com
Yakidoo,Indonesia,a8.net
Jetwire,Belarus,comsenz.com
Chatterpoint,Philippines,about.com
Tagtune,China,washington.edu
Centimia,Indonesia,privacy.gov.au
Yozio,Poland,mail.ru
Youspan,Czech Republic,si.edu
Skinder,Armenia,posterous.com
Leexo,Colombia,fda.gov
Yodel,Mali,baidu.com
Topdrive,Mexico,desdev.cn
Miboo,Nigeria,virginia.edu
Miboo,China,economist.com
Oyondu,Sweden,smh.com.au
Thoughtbridge,Indonesia,ocn.ne.jp
Reallinks,Colombia,delicious.com
Twimm,Indonesia,xinhuanet.com
Mudo,Ukraine,upenn.edu
Meeveo,Guinea,toplist.cz
Devbug,Nicaragua,biglobe.ne.jp
Shufflebeat,Sweden,skyrock.com
Skinder,Indonesia,1688.com
Shufflebeat,China,merriam-webster.com
Trudeo,Kazakhstan,harvard.edu
Edgeify,Japan,biglobe.ne.jp
Snaptags,China,japanpost.jp
Vitz,France,yale.edu
Oodoo,Cameroon,google.com.au
Vipe,China,google.cn
Meeveo,Indonesia,addthis.com
Gevee,Ukraine,qq.com
Photobean,Zambia,hud.gov
Realcube,Indonesia,mediafire.com
Demimbu,Peru,flickr.com
Tazzy,Portugal,free.fr
Youopia,Hungary,tiny.cc
Feedmix,Tunisia,youtube.com
Meedoo,France,netlog.com
Dabfeed,China,amazonaws.com
Thoughtblab,Brazil,meetup.com
Oozz,Mauritius,seesaa.net
Browsetype,Brazil,ibm.com
Gevee,China,newsvine.com
Rhynoodle,Ireland,youtube.com
Zoonder,Russia,printfriendly.com
Twinder,Sierra Leone,uiuc.edu
Fivechat,Poland,xing.com
Aibox,Portugal,marriott.com
Brightbean,Finland,google.ca
Nlounge,China,oracle.com
Feedbug,Indonesia,wired.com
Feedmix,China,dyndns.org
Meevee,China,com.com
Photobug,Aland Islands,pinterest.com
Yozio,Tanzania,fastcompany.com
Meetz,Russia,issuu.com
Rhyzio,Peru,loc.gov
Edgewire,Chad,reference.com
Eamia,Indonesia,studiopress.com
Yambee,China,yellowbook.com
Midel,Indonesia,tmall.com
Yadel,Argentina,shareasale.com
Photojam,Poland,ibm.com
Muxo,Czech Republic,naver.com
Pixoboo,China,deliciousdays.com
Wikizz,Thailand,nytimes.com
Trilith,Indonesia,ovh.net
Riffpath,China,acquirethisname.com
Avavee,Russia,indiatimes.com
Tavu,Indonesia,behance.net
Aibox,Indonesia,cafepress.com
Linkbridge,Mexico,studiopress.com
Youspan,Brazil,nifty.com
Einti,Indonesia,cyberchimps.com
Livefish,China,sogou.com
Rhynoodle,Russia,csmonitor.com
Tambee,China,army.mil
Chatterpoint,Israel,about.me
Yozio,New Zealand,qq.com
Fivespan,Argentina,yellowpages.com
BlogXS,South Korea,reverbnation.com
Zoonder,Indonesia,vimeo.com
Twinte,Ukraine,wsj.com
Oodoo,Czech Republic,timesonline.co.uk
Dynabox,United States,delicious.com
Voolith,Afghanistan,domainmarket.com
Skinder,China,bbc.co.uk
Topicware,Guinea,aol.com
Minyx,Ukraine,cbslocal.com
Kanoodle,China,yandex.ru
Thoughtsphere,Sweden,moonfruit.com
Browseblab,Hungary,wufoo.com
Dabtype,China,google.cn
Voolia,China,mediafire.com
Yata,Brazil,seesaa.net
Realpoint,China,shutterfly.com
Zooxo,China,ibm.com
Voonix,China,nsw.gov.au
Photospace,Indonesia,hao123.com
Youbridge,Israel,miitbeian.gov.cn
Thoughtmix,Indonesia,amazon.co.uk
Babbleset,Indonesia,example.com
Photobean,Uruguay,prweb.com
Twimbo,Argentina,oaic.gov.au
Edgeblab,China,jimdo.com
Gabcube,United States,plala.or.jp
Topicblab,Mexico,amazon.co.uk
Miboo,Macedonia,angelfire.com
Meemm,Indonesia,fotki.com
Twitternation,Indonesia,webeden.co.uk
Devshare,Croatia,phoca.cz
Talane,China,hp.com
Trudeo,Russia,mlb.com
Tazz,Philippines,soundcloud.com
Meeveo,Philippines,japanpost.jp
Oodoo,Russia,quantcast.com
Avaveo,Japan,list-manage.com
Trupe,China,homestead.com
Fivebridge,Bosnia and Herzegovina,ihg.com
Skajo,Portugal,mediafire.com
Jabberbean,Philippines,addthis.com
Dynava,Philippines,tamu.edu
Skinte,Iran,ning.com
Bubblemix,Slovenia,netlog.com
Skaboo,Indonesia,webnode.com
Shuffletag,Libya,ca.gov
Mydeo,France,g.co
Katz,Indonesia,hugedomains.com
Avaveo,China,cbc.ca
Kimia,Portugal,comsenz.com
Izio,China,mlb.com
Twitternation,Indonesia,phpbb.com
Skibox,Ivory Coast,hibu.com
Fliptune,Slovenia,indiatimes.com
Rhyzio,China,naver.com
Babbleopia,China,google.es
Kwideo,United States,china.com.cn
Devcast,Kenya,psu.edu
Voonyx,Russia,gravatar.com
Aimbo,Russia,google.cn
Linklinks,Cuba,craigslist.org
Kanoodle,Argentina,google.ru
Zooxo,China,theatlantic.com
Yacero,Poland,zimbio.com
Oyope,Portugal,seesaa.net
Jamia,China,un.org
Kimia,Dominican Republic,nytimes.com
Lazzy,United States,time.com
Zava,United States,nsw.gov.au
Dabjam,Madagascar,hibu.com
Shuffletag,Indonesia,netlog.com
Ntag,Costa Rica,zimbio.com
Realcube,Indonesia,archive.org
Ainyx,Malawi,taobao.com
Jaxnation,Panama,hibu.com
Rhybox,Philippines,opensource.org
Yozio,Mexico,ameblo.jp
Trupe,Brazil,jugem.jp
Skilith,China,skype.com
Jayo,Colombia,newyorker.com
Reallinks,Russia,google.fr
Riffpedia,Martinique,cdc.gov
Avamba,Indonesia,gravatar.com
Demimbu,Sudan,home.pl
Devify,Argentina,simplemachines.org
Feedfire,France,home.pl
Flipopia,Haiti,mapquest.com
Yombu,Canada,dell.com
Roodel,China,mapy.cz
Youbridge,China,bloglovin.com
Quaxo,Denmark,msn.com
Tazz,Albania,wp.com
Agivu,Cuba,about.com
Fliptune,Indonesia,desdev.cn
Thoughtmix,Indonesia,mac.com
Kaymbo,Indonesia,marketwatch.com
Browsedrive,Philippines,vimeo.com
Livepath,Netherlands,moonfruit.com
Trilith,Indonesia,multiply.com
Devpulse,Portugal,wordpress.com
Vidoo,Sweden,free.fr
InnoZ,United States,oaic.gov.au
Rhycero,China,csmonitor.com
Devpulse,Mexico,arstechnica.com
Quamba,Indonesia,phpbb.com
Kwimbee,Indonesia,mozilla.com
Linkbridge,Colombia,dion.ne.jp
Gigashots,China,illinois.edu
Teklist,Mongolia,ifeng.com
Abata,Albania,blog.com
Browsedrive,Brazil,hubpages.com
Fivespan,China,wikimedia.org
Podcat,Brazil,mapquest.com
Youspan,Argentina,miibeian.gov.cn
Skippad,China,altervista.org
Flashdog,Brazil,clickbank.net
Teklist,Indonesia,homestead.com
Yombu,United States,odnoklassniki.ru
Demimbu,Vietnam,comcast.net
Zoomzone,Canada,xrea.com
Mycat,Serbia,php.net
Skinder,China,bing.com
Wikivu,Vietnam,wordpress.org
Oyondu,Ethiopia,smugmug.com
Quatz,Kuwait,friendfeed.com
Buzzbean,Greece,techcrunch.com
Skiptube,Russia,wordpress.org
Snaptags,Afghanistan,cnn.com
Jaxbean,Estonia,simplemachines.org
Skivee,France,forbes.com
Mynte,Peru,usda.gov
Skimia,China,t-online.de
Browseblab,Russia,kickstarter.com
Skyndu,Iran,hc360.com
Roombo,China,de.vu
Thoughtworks,Indonesia,deliciousdays.com
Plajo,Russia,live.com
Cogidoo,Kazakhstan,ted.com
Mydo,Indonesia,wp.com
Kwimbee,Poland,163.com
Zoomdog,France,deliciousdays.com
Vidoo,Indonesia,yandex.ru
Yabox,Armenia,reddit.com
Zoombeat,China,jalbum.net
Skyvu,Afghanistan,independent.co.uk
Brightbean,Guatemala,hud.gov
Quatz,Indonesia,sitemeter.com
Yodel,Japan,state.tx.us
Voomm,Indonesia,nsw.gov.au
Camido,China,businesswire.com
Dynava,China,etsy.com
Riffpedia,Philippines,squidoo.com
Oyoyo,China,discovery.com
Realbridge,Taiwan,parallels.com
Realcube,Brazil,latimes.com
Vinder,China,mapy.cz
Riffpath,Morocco,domainmarket.com
Ainyx,Peru,slate.com
Eayo,United States,ftc.gov
Mita,Indonesia,washingtonpost.com
Eayo,China,flavors.me
Youspan,Bosnia and Herzegovina,linkedin.com
Gabtype,Serbia,pinterest.com
Bubbletube,Russia,craigslist.org
Meezzy,France,arstechnica.com
Skajo,Mexico,dagondesign.com
Skiba,Yemen,toplist.cz
Lazzy,China,myspace.com
Abata,Malaysia,eepurl.com
Trilia,France,tiny.cc
Minyx,France,mozilla.org
Jayo,Ireland,liveinternet.ru
Voonte,United States,bbb.org
Kazio,Portugal,europa.eu
Mymm,France,123-reg.co.uk
Roombo,Indonesia,wiley.com
Yozio,Vietnam,hhs.gov
Skinder,Armenia,macromedia.com
Ozu,Sweden,businesswire.com
Livetube,Brazil,rakuten.co.jp
Aimbu,United States,t-online.de
Aimbu,China,dion.ne.jp
Layo,Sweden,artisteer.com
Devbug,Poland,purevolume.com
Abata,Argentina,artisteer.com
Tagtune,Indonesia,lycos.com
Zoomdog,Russia,vk.com
Jabbersphere,Indonesia,si.edu
Aivee,Hungary,live.com
Viva,Indonesia,google.it
Divanoodle,Philippines,businessinsider.com
Abatz,Ukraine,csmonitor.com
Viva,Ukraine,cocolog-nifty.com
Twitterbeat,Poland,ezinearticles.com
Linkbuzz,Brazil,is.gd
Devshare,Malaysia,example.com
Yakijo,Malaysia,virginia.edu
Snaptags,Portugal,slideshare.net
Flipbug,Serbia,ebay.co.uk
Youopia,China,webnode.com
Kayveo,Indonesia,fema.gov
Jetpulse,China,economist.com
Buzzster,China,nature.com
Skiptube,China,fastcompany.com
Wikizz,Indonesia,altervista.org
Vitz,Peru,123-reg.co.uk
Rhyloo,Morocco,unesco.org
Zoomcast,China,disqus.com
Rhybox,Netherlands,newyorker.com
Kwinu,Russia,nasa.gov
Brainverse,Russia,hao123.com
Dynava,Argentina,google.ru
Oyoloo,Ukraine,google.cn
Realbridge,China,tuttocitta.it
Babbleopia,China,blogtalkradio.com
Oyoloo,Gabon,devhub.com
Avamm,Tunisia,kickstarter.com
Skinix,Indonesia,nhs.uk
Linkbuzz,Vietnam,pcworld.com
Mudo,Nigeria,themeforest.net
Youspan,China,columbia.edu
Pixonyx,Nigeria,businesswire.com
Yamia,Finland,shinystat.com
Quinu,Poland,tuttocitta.it
Realmix,Russia,imageshack.us
Rhyloo,Philippines,washingtonpost.com
Zooxo,Indonesia,e-recht24.de
Fiveclub,Finland,yale.edu
Browseblab,Bahamas,jigsy.com
Divavu,Libya,so-net.ne.jp
BlogXS,Syria,twitter.com
Quaxo,Portugal,cisco.com
Tagopia,Mexico,wikipedia.org
Kwilith,France,pcworld.com
Divavu,Bulgaria,free.fr
Plambee,Indonesia,tinyurl.com
Myworks,Venezuela,typepad.com
Thoughtbeat,Mongolia,indiatimes.com
Yadel,Tanzania,stanford.edu
Oyonder,Brazil,mapy.cz
Rhycero,Russia,ucla.edu
Flipstorm,Honduras,joomla.org
Browseblab,Indonesia,joomla.org
Vitz,China,java.com
Voomm,Indonesia,joomla.org
Shufflebeat,China,hp.com
Aimbo,China,deliciousdays.com
Devshare,Peru,taobao.com
Snaptags,United States,comcast.net
Realbridge,Kosovo,un.org
Jetpulse,Japan,sbwire.com
Jayo,Iran,toplist.cz
Mydeo,Russia,msn.com
Meedoo,Indonesia,livejournal.com
Divape,Poland,ucsd.edu
Oyoba,Portugal,independent.co.uk
Skipstorm,Tanzania,pcworld.com
BlogXS,Indonesia,skyrock.com
Eamia,Brazil,myspace.com
Camido,Brazil,jalbum.net
Rhynoodle,Ukraine,amazonaws.com
Vinte,Philippines,amazon.co.jp
Oloo,Indonesia,sphinn.com
Layo,China,github.com
Bluezoom,Croatia,youtube.com
Twimm,Russia,technorati.com
Innotype,Albania,angelfire.com
Tekfly,China,chronoengine.com
Eazzy,China,elegantthemes.com
Leenti,Ecuador,zdnet.com
Skidoo,Indonesia,ebay.com
Zoomlounge,Japan,flavors.me
JumpXS,Indonesia,sbwire.com
Divavu,China,amazonaws.com
Yakijo,Brazil,livejournal.com
Zoombeat,Portugal,dell.com
Mita,Togo,tinypic.com
Einti,Germany,earthlink.net
Browsetype,China,google.co.uk
Geba,Indonesia,reddit.com
Tagopia,Indonesia,webmd.com
Kimia,Iran,youtube.com
Muxo,China,moonfruit.com
Skipfire,Russia,delicious.com
Miboo,Argentina,about.com
Gigashots,Nigeria,irs.gov
Abatz,Guatemala,upenn.edu
Vitz,France,t.co
Devpulse,China,livejournal.com
Jaxworks,Ecuador,yale.edu
Yacero,Indonesia,scribd.com
Livetube,China,merriam-webster.com
Vidoo,Canada,goo.gl
Vidoo,China,twitpic.com
Nlounge,Gambia,surveymonkey.com
Meezzy,Libya,cmu.edu
Roodel,Greece,prnewswire.com
Yacero,Iran,techcrunch.com
Youopia,China,dedecms.com
Snaptags,Indonesia,seattletimes.com
Kimia,Honduras,mayoclinic.com
Voonyx,Czech Republic,amazon.co.uk
Rhybox,Guatemala,mediafire.com
Browsedrive,China,latimes.com
Jetpulse,Netherlands,dyndns.org
Zoombox,Czech Republic,gmpg.org
Rhycero,Italy,homestead.com
Linktype,Indonesia,cdc.gov
Gabcube,Belarus,nasa.gov
Skimia,Costa Rica,trellian.com
Photobug,Ukraine,skype.com
Yodel,Norway,archive.org
Realfire,Cuba,reference.com
Flashset,Israel,phoca.cz
Tavu,Czech Republic,marriott.com
Thoughtworks,Indonesia,reference.com
Blogtag,Russia,opensource.org
Bluezoom,Tajikistan,slideshare.net
Oyoyo,Ukraine,hugedomains.com
Realblab,China,pinterest.com
Flipstorm,Russia,boston.com
Flashspan,Russia,gravatar.com
DabZ,Indonesia,ow.ly
Yotz,Poland,mtv.com
Livefish,Bulgaria,goodreads.com
Yacero,Indonesia,squidoo.com
Blogtags,Ukraine,sciencedaily.com
Zoomlounge,Indonesia,springer.com
Omba,Brazil,yahoo.com
Minyx,Norway,w3.org
Topiczoom,China,netlog.com
Quinu,China,usda.gov
Tagchat,Tanzania,ocn.ne.jp
Thoughtworks,China,example.com
Skyba,Bangladesh,cloudflare.com
Feedspan,China,google.com.br
Skilith,China,ted.com
Voomm,Bolivia,dmoz.org
Eimbee,Uruguay,mediafire.com
Lazz,Japan,unc.edu
Wikido,Cameroon,blogger.com
Wikizz,Jamaica,abc.net.au
Nlounge,Colombia,cdbaby.com
Wikizz,Netherlands,ycombinator.com
Twitterworks,Uruguay,wikia.com
Trunyx,Russia,ocn.ne.jp
Aibox,Indonesia,163.com
Browsebug,China,cbslocal.com
Browseblab,Colombia,illinois.edu
Pixonyx,Dominican Republic,shutterfly.com
Bluejam,Argentina,salon.com
Yakidoo,Hungary,prlog.org
Snaptags,Ireland,posterous.com
Mybuzz,Portugal,ucoz.ru
Blogtags,Malaysia,google.co.jp
Photojam,Morocco,etsy.com
Oodoo,Chile,nasa.gov
Zoomcast,Brazil,about.com
Skipfire,Macedonia,mtv.com
Dablist,Australia,about.com
Jatri,Peru,va.gov
Jabberstorm,Portugal,scientificamerican.com
Eimbee,Russia,skype.com
Gabspot,China,google.co.jp
Digitube,Japan,godaddy.com
Izio,Ethiopia,github.com
Jabbercube,Syria,wisc.edu
Mycat,Indonesia,i2i.jp
Skipstorm,Russia,ihg.com
Vinder,China,sakura.ne.jp
Abatz,Indonesia,i2i.jp
Yamia,Peru,nature.com
Blogpad,Indonesia,kickstarter.com
Quamba,South Africa,seesaa.net
Eidel,China,spiegel.de
Zoombeat,China,cdc.gov
Myworks,Kenya,goodreads.com
Edgeclub,China,elpais.com
Kaymbo,Burkina Faso,google.com.hk
Voonder,China,usa.gov
Fivespan,Colombia,xrea.com
Npath,Brazil,army.mil
Mynte,Russia,tinyurl.com
Topdrive,Russia,xinhuanet.com
Eire,Pakistan,etsy.com
Leenti,Indonesia,aol.com
Kwimbee,Colombia,latimes.com
Zooveo,Greece,opera.com
Realcube,China,dailymotion.com
Zooxo,Ireland,rakuten.co.jp
Jamia,Ukraine,mlb.com
Photofeed,Thailand,ucla.edu
Zoomzone,Czech Republic,springer.com
Midel,Brazil,usgs.gov
Edgeify,Palestinian Territory,prlog.org
Linkbridge,Thailand,cpanel.net
Zoomlounge,Indonesia,java.com
Flashspan,Cameroon,github.io
Gigazoom,Mongolia,ucla.edu
Blogtags,China,va.gov
Livefish,Japan,lycos.com
Rhynoodle,Indonesia,blogspot.com
Latz,Ivory Coast,pen.io
Quatz,Cuba,booking.com
Browseblab,China,1und1.de
Realbuzz,Venezuela,domainmarket.com
Fivebridge,France,jigsy.com
Feedbug,Russia,prlog.org
Edgeclub,Lithuania,myspace.com
Blognation,China,ovh.net
Kwimbee,Portugal,woothemes.com
Yambee,Indonesia,oaic.gov.au
Wikizz,Malaysia,woothemes.com
Divavu,Sweden,issuu.com
Zoombox,Mexico,seesaa.net
Trunyx,Vietnam,go.com
Aimbo,Indonesia,behance.net
Browsedrive,Haiti,photobucket.com
Skyndu,Indonesia,histats.com
Miboo,Finland,bloglovin.com
Lazzy,Philippines,spotify.com
Gevee,Sweden,sakura.ne.jp
Photospace,Panama,alibaba.com
Layo,Indonesia,spiegel.de
Realfire,China,ibm.com
Oyondu,Uruguay,delicious.com
Trilith,China,admin.ch
Buzzbean,Brazil,phoca.cz
BlogXS,China,ucoz.ru
